INSERT INTO Model(Marka,Model,BrProdatih,BrNabavljenih,Profit)
VALUES("BMW",'X6',10,20,10000)
INSERT INTO Model(Marka,Model,BrProdatih,BrNabavljenih,Profit)
VALUES("BMW",'X7',5,12,14000)
INSERT INTO Model(Marka,Model,BrProdatih,BrNabavljenih,Profit)
VALUES("Audi",'A8',4,10,20000)
INSERT INTO Model(Marka,Model,BrProdatih,BrNabavljenih,Profit)
VALUES("Audi",'A4',6,15,15000)
INSERT INTO Model(Marka,Model,BrProdatih,BrNabavljenih,Profit)
VALUES("Lada",'Niva',20,50,10000)
INSERT INTO Model(Marka,Model,BrProdatih,BrNabavljenih,Profit)
VALUES("Yugo",'Coral45',50,100,12000)

INSERT INTO Kupac(Ime,Prezime,BrLK,BrKupljenih)
VALUES("Zoran","Milicevic",12345678,2)
INSERT INTO Kupac(Ime,Prezime,BrLK,BrKupljenih)
VALUES("Cvijan","Peranovic",12345678,1)
INSERT INTO Kupac(Ime,Prezime,BrLK,BrKupljenih)
VALUES("Ivana","Stepanovic",12345678,1)
INSERT INTO Kupac(Ime,Prezime,BrLK,BrKupljenih)
VALUES("Dusan","Bobicic",12345678,1)

INSERT INTO Dobavljac(Naziv,BrDobavljenih)
VALUES("YugoMotors",30)
INSERT INTO Dobavljac(Naziv,BrDobavljenih)
VALUES("SerbiaCarImport",20)
INSERT INTO Dobavljac(Naziv,BrDobavljenih)
VALUES("BelgradeImport",10)

INSERT INTO Automobil(IdA,IdM,RegBr)
VALUES(1,3,23456)
INSERT INTO Automobil(IdA,IdM,RegBr)
VALUES(2,3,23467)
INSERT INTO Automobil(IdA,IdM,RegBr)
VALUES(3,1,12467)
INSERT INTO Automobil(IdA,IdM,RegBr)
VALUES(4,1,12469)
INSERT INTO Automobil(IdA,IdM,RegBr)
VALUES(5,2,12469)
INSERT INTO Automobil(IdA,IdM,RegBr)
VALUES(6,2,12590)
INSERT INTO Automobil(IdA,IdM,RegBr)
VALUES(7,4,12590)
INSERT INTO Automobil(IdA,IdM,RegBr)
VALUES(8,4,32590)
INSERT INTO Automobil(IdA,IdM,RegBr)
VALUES(9,5,32591)
INSERT INTO Automobil(IdA,IdM,RegBr)
VALUES(10,5,32592)
INSERT INTO Automobil(IdA,IdM,RegBr)
VALUES(11,6,32593)
INSERT INTO Automobil(IdA,IdM,RegBr)
VALUES(12,6,32594)

INSERT INTO Kupovina(DatumVreme,Cena,IdA,IdK)
VALUES("23.06.2018",40000,7,1)
INSERT INTO Kupovina(DatumVreme,Cena,IdA,IdK)
VALUES("14.04.2018",70000,8,1)
INSERT INTO Kupovina(DatumVreme,Cena,IdA,IdK)
VALUES("15.06.2017",25000,3,3)
INSERT INTO Kupovina(DatumVreme,Cena,IdA,IdK)
VALUES("12.02.2015",300,11,2)
INSERT INTO Kupovina(DatumVreme,Cena,IdA,IdK)
VALUES("13.03.2016",8000,9,4)

INSERT INTO Nabavka(DatumVreme,Cena,IdA,IdD)
VALUES("01.01.2010",30000,1,3)
INSERT INTO Nabavka(DatumVreme,Cena,IdA,IdD)
VALUES("01.01.2010",30000,2,3)
INSERT INTO Nabavka(DatumVreme,Cena,IdA,IdD)
VALUES("01.01.2010",30000,7,3)
INSERT INTO Nabavka(DatumVreme,Cena,IdA,IdD)
VALUES("01.01.2010",30000,8,3)
INSERT INTO Nabavka(DatumVreme,Cena,IdA,IdD)
VALUES("01.02.2000",4000,9,1)
INSERT INTO Nabavka(DatumVreme,Cena,IdA,IdD)
VALUES("01.02.2000",4000,10,1)
INSERT INTO Nabavka(DatumVreme,Cena,IdA,IdD)
VALUES("01.02.2000",4000,11,1)
INSERT INTO Nabavka(DatumVreme,Cena,IdA,IdD)
VALUES("01.02.2000",4000,12,1)
INSERT INTO Nabavka(DatumVreme,Cena,IdA,IdD)
VALUES("01.01.2013",2000,3,2)
INSERT INTO Nabavka(DatumVreme,Cena,IdA,IdD)
VALUES("01.01.2013",2000,4,2)
INSERT INTO Nabavka(DatumVreme,Cena,IdA,IdD)
VALUES("01.01.2013",2000,5,2)
INSERT INTO Nabavka(DatumVreme,Cena,IdA,IdD)
VALUES("01.01.2013",2000,6,2)